{
  "0": [
    1755722147.4319994,
    1750958954519,
    1755867528,
    0,
    "N.A.",
    "N.A."
  ],
  "196407": [
    1755867528.9664884,
    1755867528966,
    1755867231,
    4,
    "N.A.",
    "N.A."
  ]
}